86,0.0963599,PDE4B
87,0.086821706,PDE4B
88,0.091942572,PDE4B
89,0.081055167,PDE4B
90,0.060898944,PDE4B
91,0.05678413,PDE4B
92,0.061072401,PDE4B
93,0.063236731,PDE4B
94,0.054295281,PDE4B
95,0.054211788,PDE4B
96,0.050404148,PDE4B
97,0.03709197,PDE4B
98,0.040924852,PDE4B
99,0.052478944,PDE4B
100,0.044143885,PDE4B
101,0.060366923,PDE4B
102,0.05465255,PDE4B
103,0.0526565,PDE4B
104,0.045546057,PDE4B
105,0.049358287,PDE4B
106,0.055361265,PDE4B
107,0.051113972,PDE4B
108,0.052922511,PDE4B
109,0.060700893,PDE4B
110,0.062250356,PDE4B
111,0.058506791,PDE4B
112,0.081990281,PDE4B
113,0.066265756,PDE4B
114,0.068889499,PDE4B
115,0.047379283,PDE4B
116,0.038004561,PDE4B
117,0.041618587,PDE4B
118,0.043278819,PDE4B
119,0.04252674,PDE4B
120,0.037643408,PDE4B
121,0.049704495,PDE4B
122,0.035369697,PDE4B
123,0.033282388,PDE4B
124,0.039361797,PDE4B
125,0.048612838,PDE4B
126,0.048379836,PDE4B
127,0.043293175,PDE4B
128,0.049173121,PDE4B
129,0.037258954,PDE4B
130,0.044864527,PDE4B
131,0.055504518,PDE4B
132,0.047368188,PDE4B
133,0.042231251,PDE4B
134,0.052945105,PDE4B
135,0.043569424,PDE4B
136,0.045326647,PDE4B
137,0.05375614,PDE4B
138,0.06111253,PDE4B
139,0.044618765,PDE4B
140,0.043440037,PDE4B
141,0.045113062,PDE4B
142,0.042936713,PDE4B
143,0.038559235,PDE4B
144,0.040235554,PDE4B
145,0.045870318,PDE4B
146,0.044163856,PDE4B
147,0.037781267,PDE4B
148,0.04408397,PDE4B
149,0.05303707,PDE4B
150,0.047488905,PDE4B
151,0.038007797,PDE4B
152,0.051468579,PDE4B
153,0.058475724,PDE4B
154,0.068083171,PDE4B
155,0.053253152,PDE4B
156,0.042797799,PDE4B
157,0.039862751,PDE4B
158,0.041576869,PDE4B
159,0.043835435,PDE4B
160,0.040216138,PDE4B
161,0.043827668,PDE4B
162,0.037109445,PDE4B
163,0.034975147,PDE4B
164,0.037578555,PDE4B
165,0.039825859,PDE4B
166,0.038731582,PDE4B
167,0.037985532,PDE4B
168,0.037713524,PDE4B
169,0.037205234,PDE4B
170,0.034095953,PDE4B
171,0.032997737,PDE4B
172,0.034428813,PDE4B
173,0.038408431,PDE4B
174,0.042429656,PDE4B
175,0.045230857,PDE4B
176,0.04403626,PDE4B
177,0.045783775,PDE4B
178,0.044801616,PDE4B
179,0.049491557,PDE4B
180,0.058308739,PDE4B
181,0.057247027,PDE4B
182,0.054480295,PDE4B
183,0.052346361,PDE4B
184,0.045726079,PDE4B
185,0.048380914,PDE4B
186,0.046202346,PDE4B
187,0.047402953,PDE4B
188,0.041410273,PDE4B
189,0.034560015,PDE4B
190,0.035037281,PDE4B
191,0.03300861,PDE4B
192,0.037194879,PDE4B
193,0.034756831,PDE4B
194,0.030001332,PDE4B
195,0.035531245,PDE4B
196,0.038361442,PDE4B
197,0.034989127,PDE4B
198,0.040525253,PDE4B
199,0.036482281,PDE4B
200,0.039741257,PDE4B
201,0.042528682,PDE4B
202,0.04135008,PDE4B
203,0.043500356,PDE4B
204,0.046188754,PDE4B
205,0.046720221,PDE4B
206,0.046276777,PDE4B
207,0.045862552,PDE4B
208,0.050932156,PDE4B
209,0.052798243,PDE4B
210,0.049846885,PDE4B
211,0.050872094,PDE4B
212,0.06195522,PDE4B
213,0.056131281,PDE4B
214,0.068327823,PDE4B
215,0.062206344,PDE4B
216,0.066918162,PDE4B
217,0.051353631,PDE4B
218,0.051931476,PDE4B
219,0.059788302,PDE4B
220,0.060097029,PDE4B
221,0.044085264,PDE4B
222,0.041765601,PDE4B
223,0.048367323,PDE4B
224,0.055853158,PDE4B
225,0.042665247,PDE4B
226,0.04436801,PDE4B
227,0.044732492,PDE4B
228,0.035828797,PDE4B
229,0.041175329,PDE4B
230,0.040402539,PDE4B
231,0.034695545,PDE4B
232,0.036278404,PDE4B
233,0.039246849,PDE4B
234,0.041689598,PDE4B
235,0.043936402,PDE4B
236,0.045371835,PDE4B
237,0.055128263,PDE4B
238,0.046639225,PDE4B
239,0.039321022,PDE4B
240,0.058392016,PDE4B
241,0.073324852,PDE4B
242,0.065994784,PDE4B
243,0.055671934,PDE4B
244,0.046799737,PDE4B
245,0.047771226,PDE4B
246,0.042984977,PDE4B
247,0.037420114,PDE4B
248,0.051450715,PDE4B
249,0.04076175,PDE4B
250,0.041264646,PDE4B
251,0.047550151,PDE4B
252,0.059827998,PDE4B
253,0.061198395,PDE4B
254,0.047076751,PDE4B
255,0.052296267,PDE4B
256,0.052918369,PDE4B
257,0.045397657,PDE4B
258,0.04394611,PDE4B
259,0.039490152,PDE4B
260,0.048051907,PDE4B
261,0.042812168,PDE4B
262,0.032939819,PDE4B
263,0.0396647,PDE4B
264,0.052112829,PDE4B
265,0.040571466,PDE4B
266,0.039541541,PDE4B
267,0.041144262,PDE4B
268,0.047395704,PDE4B
269,0.039694657,PDE4B
270,0.044561624,PDE4B
271,0.055891344,PDE4B
272,0.053347092,PDE4B
273,0.053616339,PDE4B
274,0.045079665,PDE4B
275,0.054936036,PDE4B
276,0.052811188,PDE4B
277,0.048425573,PDE4B
278,0.046225646,PDE4B
279,0.056927038,PDE4B
280,0.06380176,PDE4B
281,0.053574916,PDE4B
282,0.06245488,PDE4B
283,0.065919582,PDE4B
284,0.077632368,PDE4B
285,0.069183828,PDE4B
286,0.081813027,PDE4B
287,0.080793983,PDE4B
288,0.080192369,PDE4B
289,0.082548278,PDE4B
290,0.087298066,PDE4B
291,0.088898013,PDE4B
292,0.09368232,PDE4B
293,0.090728373,PDE4B
294,0.086913613,PDE4B
295,0.077642909,PDE4B
296,0.080861387,PDE4B
297,0.087517476,PDE4B
298,0.094971597,PDE4B
299,0.108825505,PDE4B
300,0.103483935,PDE4B
301,0.091788531,PDE4B
302,0.08460412,PDE4B
303,0.074469367,PDE4B
304,0.073594727,PDE4B
305,0.058706784,PDE4B
306,0.063719994,PDE4B
307,0.043475946,PDE4B
308,0.044777151,PDE4B
309,0.057838146,PDE4B
310,0.04306847,PDE4B
311,0.042575282,PDE4B
312,0.039812267,PDE4B
313,0.034186047,PDE4B
314,0.037363158,PDE4B
315,0.040660395,PDE4B
316,0.03796961,PDE4B
317,0.041674341,PDE4B
318,0.040122937,PDE4B
319,0.041289888,PDE4B
320,0.042452956,PDE4B
321,0.042887893,PDE4B
322,0.038966557,PDE4B
323,0.053051956,PDE4B
324,0.051738084,PDE4B
325,0.059394787,PDE4B
326,0.055495241,PDE4B
327,0.042654891,PDE4B
328,0.057256347,PDE4B
329,0.05404955,PDE4B
330,0.043734467,PDE4B
331,0.048888248,PDE4B
332,0.056778693,PDE4B
333,0.048409334,PDE4B
334,0.051934194,PDE4B
335,0.063477499,PDE4B
336,0.058732026,PDE4B
337,0.054115136,PDE4B
338,0.065095098,PDE4B
339,0.068461623,PDE4B
340,0.073345564,PDE4B
341,0.056072352,PDE4B
342,0.066071588,PDE4B
343,0.075725636,PDE4B
344,0.07820236,PDE4B
345,0.074422551,PDE4B
346,0.092528607,PDE4B
347,0.090881118,PDE4B
348,0.084746342,PDE4B
349,0.086960213,PDE4B
350,0.088305799,PDE4B
351,0.086398851,PDE4B
352,0.088886363,PDE4B
353,0.086547282,PDE4B
354,0.088045891,PDE4B
355,0.086544693,PDE4B
356,0.080874979,PDE4B
357,0.08556026,PDE4B
358,0.086864855,PDE4B
359,0.090114283,PDE4B
360,0.086330553,PDE4B
361,0.076943459,PDE4B
362,0.065556395,PDE4B
363,0.059624091,PDE4B
364,0.062068269,PDE4B
365,0.056781714,PDE4B
366,0.049342047,PDE4B
367,0.057962257,PDE4B
368,0.045857004,PDE4B
369,0.043718934,PDE4B
370,0.048285066,PDE4B
371,0.038715217,PDE4B
372,0.045472273,PDE4B
373,0.063283331,PDE4B
374,0.047711034,PDE4B
375,0.039088852,PDE4B
376,0.04571809,PDE4B
377,0.043649033,PDE4B
378,0.044151929,PDE4B
379,0.041798332,PDE4B
380,0.059525959,PDE4B
381,0.045972395,PDE4B
382,0.041368942,PDE4B
383,0.050322209,PDE4B
384,0.064281356,PDE4B
385,0.051732259,PDE4B
386,0.048686313,PDE4B
387,0.062435894,PDE4B
388,0.051398012,PDE4B
389,0.054724393,PDE4B
390,0.043509232,PDE4B
391,0.046923142,PDE4B
392,0.047153771,PDE4B
393,0.040849126,PDE4B
394,0.043944169,PDE4B
395,0.051188588,PDE4B
396,0.043966359,PDE4B
397,0.042590816,PDE4B
398,0.051607344,PDE4B
399,0.051450715,PDE4B
400,0.043649033,PDE4B
401,0.048316133,PDE4B
402,0.044769384,PDE4B
403,0.05475546,PDE4B
404,0.053783324,PDE4B
405,0.050416445,PDE4B
406,0.056218194,PDE4B
407,0.062852278,PDE4B
408,0.064957493,PDE4B
86,0.142453296,PDE4D
87,0.134840632,PDE4D
88,0.12124511,PDE4D
89,0.118360479,PDE4D
90,0.101624335,PDE4D
91,0.071667433,PDE4D
92,0.057282198,PDE4D
93,0.061802384,PDE4D
94,0.073327013,PDE4D
95,0.064277428,PDE4D
96,0.055457405,PDE4D
97,0.079630913,PDE4D
98,0.065148858,PDE4D
99,0.05517002,PDE4D
100,0.053625815,PDE4D
101,0.057916137,PDE4D
102,0.040695948,PDE4D
103,0.05428845,PDE4D
104,0.054448161,PDE4D
105,0.061932872,PDE4D
106,0.041375573,PDE4D
107,0.039613491,PDE4D
108,0.068750871,PDE4D
109,0.046571307,PDE4D
110,0.046986558,PDE4D
111,0.070708191,PDE4D
112,0.051953937,PDE4D
113,0.050328501,PDE4D
114,0.053982618,PDE4D
115,0.053523871,PDE4D
116,0.053846075,PDE4D
117,0.036392951,PDE4D
118,0.035459437,PDE4D
119,0.038940574,PDE4D
120,0.040738668,PDE4D
121,0.037827931,PDE4D
122,0.038021624,PDE4D
123,0.055903239,PDE4D
124,0.044536801,PDE4D
125,0.043778048,PDE4D
126,0.046347958,PDE4D
127,0.073021937,PDE4D
128,0.071393857,PDE4D
129,0.047618239,PDE4D
130,0.065678966,PDE4D
131,0.04990147,PDE4D
132,0.053754944,PDE4D
133,0.073758952,PDE4D
134,0.055069047,PDE4D
135,0.047623181,PDE4D
136,0.065978001,PDE4D
137,0.045912071,PDE4D
138,0.053787469,PDE4D
139,0.060311869,PDE4D
140,0.073117462,PDE4D
141,0.0477757,PDE4D
142,0.044617385,PDE4D
143,0.051243729,PDE4D
144,0.046245572,PDE4D
145,0.037651228,PDE4D
146,0.040369728,PDE4D
147,0.051175767,PDE4D
148,0.043779504,PDE4D
149,0.036478875,PDE4D
150,0.038524169,PDE4D
151,0.047240738,PDE4D
152,0.040271862,PDE4D
153,0.033066024,PDE4D
154,0.053703972,PDE4D
155,0.060008174,PDE4D
156,0.069437292,PDE4D
157,0.046237805,PDE4D
158,0.036139742,PDE4D
159,0.033335609,PDE4D
160,0.037618606,PDE4D
161,0.035887601,PDE4D
162,0.038120169,PDE4D
163,0.033763773,PDE4D
164,0.029552816,PDE4D
165,0.030496136,PDE4D
166,0.030240597,PDE4D
167,0.032768122,PDE4D
168,0.030470504,PDE4D
169,0.030987019,PDE4D
170,0.03499918,PDE4D
171,0.032785113,PDE4D
172,0.032680256,PDE4D
173,0.038901738,PDE4D
174,0.03870756,PDE4D
175,0.042068791,PDE4D
176,0.045381963,PDE4D
177,0.055797217,PDE4D
178,0.055698186,PDE4D
179,0.057434143,PDE4D
180,0.049639814,PDE4D
181,0.050248079,PDE4D
182,0.069735572,PDE4D
183,0.059279616,PDE4D
184,0.05141849,PDE4D
185,0.044479606,PDE4D
186,0.048400955,PDE4D
187,0.060112836,PDE4D
188,0.043213959,PDE4D
189,0.043622867,PDE4D
190,0.040339145,PDE4D
191,0.041280426,PDE4D
192,0.03719452,PDE4D
193,0.036096246,PDE4D
194,0.037107528,PDE4D
195,0.032463835,PDE4D
196,0.028805228,PDE4D
197,0.029722269,PDE4D
198,0.029251062,PDE4D
199,0.02896562,PDE4D
200,0.029101545,PDE4D
201,0.0317215,PDE4D
202,0.031557904,PDE4D
203,0.038378427,PDE4D
204,0.033831735,PDE4D
205,0.038909505,PDE4D
206,0.041484313,PDE4D
207,0.041251299,PDE4D
208,0.039359352,PDE4D
209,0.037318212,PDE4D
210,0.057701678,PDE4D
211,0.045547236,PDE4D
212,0.040162443,PDE4D
213,0.046343633,PDE4D
214,0.06128519,PDE4D
215,0.054568067,PDE4D
216,0.067534342,PDE4D
217,0.051008126,PDE4D
218,0.071674769,PDE4D
219,0.050910713,PDE4D
220,0.038727754,PDE4D
221,0.052806867,PDE4D
222,0.044080481,PDE4D
223,0.034157955,PDE4D
224,0.038239104,PDE4D
225,0.04393776,PDE4D
226,0.049145953,PDE4D
227,0.039359352,PDE4D
228,0.035756045,PDE4D
229,0.035207976,PDE4D
230,0.036331245,PDE4D
231,0.033512312,PDE4D
232,0.033638722,PDE4D
233,0.031599847,PDE4D
234,0.031398678,PDE4D
235,0.036145179,PDE4D
236,0.033491923,PDE4D
237,0.032438504,PDE4D
238,0.041457128,PDE4D
239,0.05516139,PDE4D
240,0.0407843,PDE4D
241,0.042931915,PDE4D
242,0.071641543,PDE4D
243,0.062736944,PDE4D
244,0.069318735,PDE4D
245,0.053666593,PDE4D
246,0.045697989,PDE4D
247,0.050156329,PDE4D
248,0.044039704,PDE4D
249,0.043266167,PDE4D
250,0.053343016,PDE4D
251,0.051892771,PDE4D
252,0.046955295,PDE4D
253,0.052443753,PDE4D
254,0.06994097,PDE4D
255,0.069968155,PDE4D
256,0.048902799,PDE4D
257,0.058324187,PDE4D
258,0.058976352,PDE4D
259,0.042743885,PDE4D
260,0.042778999,PDE4D
261,0.035832304,PDE4D
262,0.047963406,PDE4D
263,0.035289531,PDE4D
264,0.031693829,PDE4D
265,0.031293336,PDE4D
266,0.038609499,PDE4D
267,0.032584623,PDE4D
268,0.035328852,PDE4D
269,0.039350291,PDE4D
270,0.043235028,PDE4D
271,0.043185318,PDE4D
272,0.040709541,PDE4D
273,0.047862595,PDE4D
274,0.056041882,PDE4D
275,0.054391148,PDE4D
276,0.042095976,PDE4D
277,0.065366338,PDE4D
278,0.068682908,PDE4D
279,0.052643757,PDE4D
280,0.045922265,PDE4D
281,0.05803998,PDE4D
282,0.073599996,PDE4D
283,0.048827662,PDE4D
284,0.059477764,PDE4D
285,0.056187516,PDE4D
286,0.056538009,PDE4D
287,0.053880675,PDE4D
288,0.067358395,PDE4D
289,0.056905977,PDE4D
290,0.076063636,PDE4D
291,0.086976905,PDE4D
292,0.086510444,PDE4D
293,0.102141821,PDE4D
294,0.11798291,PDE4D
295,0.123066505,PDE4D
296,0.103649617,PDE4D
297,0.081815206,PDE4D
298,0.068502808,PDE4D
299,0.071527139,PDE4D
300,0.063045418,PDE4D
301,0.076576753,PDE4D
302,0.06532556,PDE4D
303,0.052115915,PDE4D
304,0.056422472,PDE4D
305,0.05477778,PDE4D
306,0.054931004,PDE4D
307,0.040084286,PDE4D
308,0.054705286,PDE4D
309,0.035103605,PDE4D
310,0.035727889,PDE4D
311,0.035334462,PDE4D
312,0.038500759,PDE4D
313,0.036417709,PDE4D
314,0.031188965,PDE4D
315,0.033524545,PDE4D
316,0.032395461,PDE4D
317,0.030920222,PDE4D
318,0.031687518,PDE4D
319,0.038592509,PDE4D
320,0.030678275,PDE4D
321,0.038048809,PDE4D
322,0.033592896,PDE4D
323,0.035682257,PDE4D
324,0.035092817,PDE4D
325,0.035794881,PDE4D
326,0.034174946,PDE4D
327,0.041861883,PDE4D
328,0.036801697,PDE4D
329,0.032551775,PDE4D
330,0.039779072,PDE4D
331,0.045048569,PDE4D
332,0.032996767,PDE4D
333,0.036062847,PDE4D
334,0.045534879,PDE4D
335,0.038246827,PDE4D
336,0.039258541,PDE4D
337,0.050587891,PDE4D
338,0.058952188,PDE4D
339,0.043272483,PDE4D
340,0.047161036,PDE4D
341,0.052185319,PDE4D
342,0.079338193,PDE4D
343,0.045121063,PDE4D
344,0.049721369,PDE4D
345,0.061135672,PDE4D
346,0.064860944,PDE4D
347,0.055877262,PDE4D
348,0.069353884,PDE4D
349,0.090498873,PDE4D
350,0.078292807,PDE4D
351,0.07496944,PDE4D
352,0.075401002,PDE4D
353,0.091341608,PDE4D
354,0.069012526,PDE4D
355,0.062810948,PDE4D
356,0.064269229,PDE4D
357,0.066711996,PDE4D
358,0.050994533,PDE4D
359,0.064741083,PDE4D
360,0.068494124,PDE4D
361,0.083476987,PDE4D
362,0.093302326,PDE4D
363,0.075960333,PDE4D
364,0.070091998,PDE4D
365,0.056063242,PDE4D
366,0.058882715,PDE4D
367,0.065352745,PDE4D
368,0.055480059,PDE4D
369,0.044326657,PDE4D
370,0.039379418,PDE4D
371,0.042829971,PDE4D
372,0.041706736,PDE4D
373,0.036553634,PDE4D
374,0.045908673,PDE4D
375,0.06477733,PDE4D
376,0.048025705,PDE4D
377,0.038824067,PDE4D
378,0.041919274,PDE4D
379,0.04006681,PDE4D
380,0.036699753,PDE4D
381,0.037431806,PDE4D
382,0.058100391,PDE4D
383,0.040909545,PDE4D
384,0.039952244,PDE4D
385,0.043582996,PDE4D
386,0.06601538,PDE4D
387,0.051498589,PDE4D
388,0.047247534,PDE4D
389,0.06661413,PDE4D
390,0.060583719,PDE4D
391,0.060717703,PDE4D
392,0.048182698,PDE4D
393,0.063371261,PDE4D
394,0.062396376,PDE4D
395,0.043183376,PDE4D
396,0.04848785,PDE4D
397,0.055956929,PDE4D
398,0.04191539,PDE4D
399,0.036295376,PDE4D
400,0.047682494,PDE4D
401,0.046853351,PDE4D
402,0.039628937,PDE4D
403,0.046617336,PDE4D
404,0.064500949,PDE4D
405,0.040635753,PDE4D
406,0.044150709,PDE4D
407,0.055874241,PDE4D
408,0.062135854,PDE4D